{"config":{"app_id":"com.moodle.golearn","appname":"Edutab GoLearn","versioncode":43001,"versionname":"4.3.0","cache_update_frequency_usually":420000,"cache_update_frequency_often":1200000,"cache_update_frequency_sometimes":3600000,"cache_update_frequency_rarely":43200000,"default_lang":"en","languages":{"en":"English"},"wsservice":"moodle_mobile_app","demo_sites":{},"defaultZoomLevel":"none","zoomlevels":{"none":100,"medium":110,"high":120},"customurlscheme":"mmkemi","sites":[{"url":"https://edutab.africa/ecampus"}],"multisitesdisplay":"","sitefindersettings":{},"onlyallowlistedsites":false,"forcedefaultlanguage":true,"privacypolicy":"https://edutab.africa/ecampus/mod/page/view.php?id=19","notificoncolor":"#FF4619","enableanalytics":true,"enableonboarding":false,"forceColorScheme":"","forceLoginLogo":false,"ioswebviewscheme":"moodleappfs","appServicesUrl":"https://apps.moodle.com","appstores":{},"wsrequestqueuelimit":10,"wsrequestqueuedelay":100,"calendarreminderdefaultvalue":3600,"toastDurations":{"short":2000,"long":3500,"sticky":0},"disableTokenFile":false,"disableappratings":true,"defaultsubscription":"bma","displayqronsitescreen":false,"displayqroncredentialscreen":true,"feedbackFormUrl":false,"a11yStatement":false,"description":"Edutab's app to support elearning."},"build":{"version":"4.3.0","isProduction":true,"isTesting":false,"isDevelopment":false,"lastCommitHash":"3b6082d23c848045aa54fe7b5cf3b886254d48bc","compilationTime":1704793937869}}